{"cameraMode":{"drawMode":0,"name":"Shaded","section":"Shading Mode"},"sceneLighting":false,"audioPlay":false,"sceneViewState":{"showFog":true,"showMaterialUpdate":true,"showSkybox":false,"showFlares":true,"showImageEffects":true,"showParticleSystems":true},"in2DMode":false,"pivot":{"x":18.660015106201173,"y":0.5040462017059326,"z":6.8125224113464359},"rotation":{"x":0.22415369749069215,"y":0.7742415070533752,"z":-0.35875070095062258,"w":0.4707616865634918},"size":0.5805493593215942,"orthographic":false}