{"cameraMode":{"drawMode":0,"name":"Shaded","section":"Shading Mode"},"sceneLighting":false,"audioPlay":false,"sceneViewState":{"showFog":true,"showMaterialUpdate":true,"showSkybox":false,"showFlares":true,"showImageEffects":true,"showParticleSystems":true},"in2DMode":false,"pivot":{"x":0.2635202407836914,"y":0.2732763886451721,"z":0.4347400665283203},"rotation":{"x":-0.057237133383750918,"y":0.9133889675140381,"z":-0.15389958024024964,"w":-0.37251752614974978},"size":2.703742027282715,"orthographic":false}