{"cameraMode":{"drawMode":0,"name":"Shaded","section":"Shading Mode"},"sceneLighting":false,"audioPlay":false,"sceneViewState":{"showFog":true,"showMaterialUpdate":true,"showSkybox":false,"showFlares":true,"showImageEffects":true,"showParticleSystems":true},"in2DMode":false,"pivot":{"x":26.888866424560548,"y":0.014000000432133675,"z":11.834746360778809},"rotation":{"x":-0.26940011978149416,"y":-0.04959554225206375,"z":0.008642565459012986,"w":-0.9617195129394531},"size":0.04620000347495079,"orthographic":false}