{"cameraMode":{"drawMode":0,"name":"Shaded","section":"Shading Mode"},"sceneLighting":false,"audioPlay":false,"sceneViewState":{"showFog":true,"showMaterialUpdate":true,"showSkybox":false,"showFlares":true,"showImageEffects":true,"showParticleSystems":true},"in2DMode":false,"pivot":{"x":0.0,"y":0.04760003089904785,"z":0.4112999737262726},"rotation":{"x":0.24586309492588044,"y":0.751663863658905,"z":-0.36887019872665408,"w":0.48836588859558108},"size":8.934805870056153,"orthographic":false}