{"cameraMode":{"drawMode":0,"name":"Shaded","section":"Shading Mode"},"sceneLighting":false,"audioPlay":false,"sceneViewState":{"showFog":true,"showMaterialUpdate":true,"showSkybox":false,"showFlares":true,"showImageEffects":true,"showParticleSystems":true},"in2DMode":false,"pivot":{"x":29.046459197998048,"y":-3.3600423336029054,"z":6.615166187286377},"rotation":{"x":0.22415369749069215,"y":0.7742415070533752,"z":-0.35875070095062258,"w":0.4707616865634918},"size":1.4130676984786988,"orthographic":false}